{
 "source_0": {
  "mean_abs_error": {
   "mean": 9.585371494293213,
   "median": 9.70618317524592,
   "std": 3.6058185729391763,
   "min": 3.8108365535736084,
   "max": 17.409404754638672
  },
  "mean_squared_error": {
   "mean": 272.1740493774414,
   "median": 266.421630859375,
   "std": 159.38789459754722,
   "min": 36.765281677246094,
   "max": 635.959228515625
  },
  "euclidian_distance": {
   "mean": 1185.69482421875,
   "median": 1116.4120712280273,
   "std": 365.6338490114361,
   "min": 436.3990783691406,
   "max": 1815.0120849609375
  },
  "manhattan_distance": {
   "mean": 49652.224609375,
   "median": 50278.029134114586,
   "std": 18678.140928330573,
   "min": 19740.1328125,
   "max": 90180.71875
  }
 }
}