{
 "source_0": {
  "mean_abs_error": {
   "mean": 18.061227798461914,
   "median": 16.97424136267768,
   "std": 4.174435236017363,
   "min": 9.12304973602295,
   "max": 21.92582893371582
  },
  "mean_squared_error": {
   "mean": 764.2095947265625,
   "median": 795.6222178141276,
   "std": 386.03743869641266,
   "min": 255.8845977783203,
   "max": 1371.44580078125
  },
  "euclidian_distance": {
   "mean": 1989.62451171875,
   "median": 1961.5004069010417,
   "std": 523.2962137785428,
   "min": 1151.2958984375,
   "max": 2665.349365234375
  },
  "manhattan_distance": {
   "mean": 93557.15625,
   "median": 87926.5703125,
   "std": 21623.57480552395,
   "min": 47257.3984375,
   "max": 113575.796875
  }
 }
}