{
 "source_0": {
  "mean_abs_error": {
   "mean": 9.761093616485596,
   "median": 9.801106651624044,
   "std": 2.6724292312533438,
   "min": 6.080387115478516,
   "max": 14.666160583496094
  },
  "mean_squared_error": {
   "mean": 207.93363189697266,
   "median": 222.71957397460938,
   "std": 103.09751942893769,
   "min": 80.22306060791016,
   "max": 430.0602722167969
  },
  "euclidian_distance": {
   "mean": 1037.7272033691406,
   "median": 1044.4413604736328,
   "std": 250.65835475179284,
   "min": 644.6359252929688,
   "max": 1492.5521240234375
  },
  "manhattan_distance": {
   "mean": 50562.462890625,
   "median": 50769.731770833336,
   "std": 13843.183239832491,
   "min": 31496.40625,
   "max": 75970.7109375
  }
 }
}