{
 "source_0": {
  "mean_abs_error": {
   "mean": 15.371716022491455,
   "median": 15.584014455477396,
   "std": 5.515246392108331,
   "min": 4.7213568687438965,
   "max": 25.847734451293945
  },
  "mean_squared_error": {
   "mean": 532.8988342285156,
   "median": 818.5573348999023,
   "std": 810.1856409514925,
   "min": 107.40509033203125,
   "max": 3263.360595703125
  },
  "euclidian_distance": {
   "mean": 1661.3110961914062,
   "median": 1882.4273630777996,
   "std": 834.6221747014611,
   "min": 745.8943481445312,
   "max": 4111.47265625
  },
  "manhattan_distance": {
   "mean": 79625.48828125,
   "median": 80725.1953125,
   "std": 28568.976206484036,
   "min": 24456.62890625,
   "max": 133891.265625
  }
 }
}