{
 "source_0": {
  "mean_abs_error": {
   "mean": 4.773722171783447,
   "median": 5.518298008441925,
   "std": 3.7422002363775824,
   "min": 0.506369948387146,
   "max": 15.312450408935547
  },
  "mean_squared_error": {
   "mean": 45.45622253417969,
   "median": 96.59993060588836,
   "std": 136.62878684674527,
   "min": 0.5895671844482422,
   "max": 589.0988159179688
  },
  "euclidian_distance": {
   "mean": 560.0428466796875,
   "median": 675.2356211853028,
   "std": 458.9078476658383,
   "min": 63.78097915649414,
   "max": 2016.1304931640625
  },
  "manhattan_distance": {
   "mean": 32938.68359375,
   "median": 38076.25630859375,
   "std": 25821.18151975285,
   "min": 3493.95263671875,
   "max": 105655.90625
  }
 }
}