{
 "source_0": {
  "mean_abs_error": {
   "mean": 5.863971710205078,
   "median": 6.809990633316338,
   "std": 6.076056761855727,
   "min": 0.008534063585102558,
   "max": 24.23826789855957
  },
  "mean_squared_error": {
   "mean": 61.51750564575195,
   "median": 156.62003544463312,
   "std": 243.70800404371403,
   "min": 0.0010992024326696992,
   "max": 1014.8739013671875
  },
  "euclidian_distance": {
   "mean": 327.1703796386719,
   "median": 405.6962006950378,
   "std": 328.52619039986405,
   "min": 1.382972240447998,
   "max": 1328.8643798828125
  },
  "manhattan_distance": {
   "mean": 10203.310546875,
   "median": 11849.383724250794,
   "std": 10572.338732106278,
   "min": 14.849270820617676,
   "max": 42174.5859375
  }
 }
}