{
 "source_0": {
  "mean_abs_error": {
   "mean": 5.2235493659973145,
   "median": 6.717304215431214,
   "std": 5.509968200008217,
   "min": 0.8131916522979736,
   "max": 23.80374526977539
  },
  "mean_squared_error": {
   "mean": 51.706520080566406,
   "median": 131.01115162849428,
   "std": 213.89627102340623,
   "min": 1.7626607418060303,
   "max": 926.9425048828125
  },
  "euclidian_distance": {
   "mean": 299.94891357421875,
   "median": 376.6141053771973,
   "std": 293.4641955050929,
   "min": 55.38077163696289,
   "max": 1269.9921875
  },
  "manhattan_distance": {
   "mean": 9088.9755859375,
   "median": 11688.109306640625,
   "std": 9587.344680578699,
   "min": 1414.9534912109375,
   "max": 41418.515625
  }
 }
}