{
 "source_0": {
  "mean_abs_error": {
   "mean": 43.6865119934082,
   "median": 46.38826721191406,
   "std": 13.419497691309791,
   "min": 26.349708557128906,
   "max": 75.74064636230469
  },
  "mean_squared_error": {
   "mean": 3604.585693359375,
   "median": 4525.8244140625,
   "std": 3507.7914901533964,
   "min": 1128.1568603515625,
   "max": 14957.025390625
  },
  "euclidian_distance": {
   "mean": 2504.391845703125,
   "median": 2644.0947998046877,
   "std": 940.0514344973478,
   "min": 1401.0684814453125,
   "max": 5101.49169921875
  },
  "manhattan_distance": {
   "mean": 76014.53125,
   "median": 80715.58484375,
   "std": 23349.92597432876,
   "min": 45848.4921875,
   "max": 131788.71875
  }
 }
}