{
 "source_0": {
  "mean_abs_error": {
   "mean": 7.865216255187988,
   "median": 7.677720050811768,
   "std": 3.176251071785396,
   "min": 2.18098521232605,
   "max": 16.397308349609375
  },
  "mean_squared_error": {
   "mean": 118.8751449584961,
   "median": 146.6620538330078,
   "std": 134.0859407247021,
   "min": 10.140373229980469,
   "max": 690.5819702148438
  },
  "euclidian_distance": {
   "mean": 784.712158203125,
   "median": 801.589052734375,
   "std": 342.2929041152131,
   "min": 229.18798828125,
   "max": 1891.3526611328125
  },
  "manhattan_distance": {
   "mean": 40741.8203125,
   "median": 39770.5894140625,
   "std": 16452.98021549734,
   "min": 11297.5029296875,
   "max": 84938.0546875
  }
 }
}