{
 "source_0": {
  "mean_abs_error": {
   "mean": 11.202197074890137,
   "median": 11.499768075942994,
   "std": 6.008704836223049,
   "min": 1.6671137809753418,
   "max": 21.850383758544922
  },
  "mean_squared_error": {
   "mean": 292.0149230957031,
   "median": 346.8206161880493,
   "std": 276.42064025709254,
   "min": 8.563353538513184,
   "max": 951.0744018554688
  },
  "euclidian_distance": {
   "mean": 1229.8931884765625,
   "median": 1215.462473754883,
   "std": 564.9617381480762,
   "min": 210.61378479003906,
   "max": 2219.586669921875
  },
  "manhattan_distance": {
   "mean": 58027.3828125,
   "median": 59568.7986328125,
   "std": 31125.091134571958,
   "min": 8635.6494140625,
   "max": 113184.9921875
  }
 }
}