{
 "source_0": {
  "mean_abs_error": {
   "mean": 5.400591850280762,
   "median": 6.76134126663208,
   "std": 4.5943428495073615,
   "min": 0.6894208192825317,
   "max": 18.717510223388672
  },
  "mean_squared_error": {
   "mean": 103.68064880371094,
   "median": 182.3486968421936,
   "std": 229.68178597238892,
   "min": 3.305549144744873,
   "max": 821.418212890625
  },
  "euclidian_distance": {
   "mean": 732.8477172851562,
   "median": 819.8156323242188,
   "std": 521.9852661142121,
   "min": 130.85389709472656,
   "max": 2062.752197265625
  },
  "manhattan_distance": {
   "mean": 27975.06640625,
   "median": 35023.74768554688,
   "std": 23798.696163080276,
   "min": 3571.199951171875,
   "max": 96956.703125
  }
 }
}